G,T,A,C,T,T,A,C,G,G,T,A,C,T,T,A,C,G,G,T,A,C,T,T,A,C,G,G,G,T,A,C,T,T,A,C,G,G,T,A,C,T,T,A,C,G,G,T,A,C,T,T,A,C,G,G,G,T,A,C,T,T,A,C,G,G,T,A,C,T,T,A,C,G,G,T,A,C,T,T,A,C,G,G
G,T,A,C,T,T,A,C,G,G,T,A,C,T,T,A,C,G,G,T,A,C,T,T,A,C,G,G,G,T,A,C,T,T,A,C,G,G,T,A,C,T,T,A,C,G,G,T,A,C,T,T,A,C,G,G,G,T,A,C,T,T,A,C,G,G,T,A,C,T,T,A,C,G,G,T,A,C,T,T,A,C,G,G
G,T,A,C,T,T,A,C,G,G,T,A,C,T,T,A,C,G,G,T,A,C,T,T,A,C,G,G,G,T,A,C,T,T,A,C,G,G,T,A,C,T,T,A,C,G,G,T,A,C,T,T,A,C,G,G,G,T,A,C,T,T,A,C,G,G,T,A,C,T,T,A,C,G,G,T,A,C,T,T,A,C,G,G
G,T,A,C,T,T,A,C,G,G,T,A,C,T,T,A,C,G,G,T,A,C,T,T,A,C,G,G,G,T,A,C,T,T,A,C,G,G,T,A,C,T,T,A,C,G,G,T,A,C,T,T,A,C,G,G,G,T,A,C,T,T,A,C,G,G,T,A,C,T,T,A,C,G,G,T,A,C,T,T,A,C,G,G
G,T,A,C,T,T,A,C,G,G,T,A,C,T,T,A,C,G,G,T,A,C,T,T,A,C,G,G,G,T,A,C,T,T,A,C,G,G,T,A,C,T,T,A,C,G,G,T,A,C,T,T,A,C,G,G,G,T,A,C,T,T,A,C,G,G,T,A,C,T,T,A,C,G,G,T,A,C,T,T,A,C,G,G
G,T,A,C,T,T,A,C,G,G,T,A,C,T,T,A,C,G,G,T,A,C,T,T,A,C,G,G,G,T,A,C,T,T,A,C,G,G,T,A,C,T,T,A,C,G,G,T,A,C,T,T,A,C,G,G,G,T,A,C,T,T,A,C,G,G,T,A,C,T,T,A,C,G,G,T,A,C,T,T,A,C,G,G
G,T,A,C,T,T,A,C,G,G,T,A,C,T,T,A,C,G,G,T,A,C,T,T,A,C,G,G,G,T,A,C,T,T,A,C,G,G,T,A,C,T,T,A,C,G,G,T,A,C,T,T,A,C,G,G,G,T,A,C,T,T,A,C,G,G,T,A,C,T,T,A,C,G,G,T,A,C,T,T,A,C,G,G
G,T,A,C,T,T,A,C,G,G,T,A,C,T,T,A,C,G,G,T,A,C,T,T,A,C,G,G,G,T,A,C,T,T,A,C,G,G,T,A,C,T,T,A,C,G,G,T,A,C,T,T,A,C,G,G,G,T,A,C,T,T,A,C,G,G,T,A,C,T,T,A,C,G,G,T,A,C,T,T,A,C,G,G
G,T,A,C,T,T,A,C,G,G,T,A,C,T,T,A,C,G,G,T,A,C,T,T,A,C,G,G,G,T,A,C,T,T,A,C,G,G,T,A,C,T,T,A,C,G,G,T,A,C,T,T,A,C,G,G,G,T,A,C,T,T,A,C,G,G,T,A,C,T,T,A,C,G,G,T,A,C,T,T,A,C,G,G
G,T,A,C,T,T,A,C,G,G,T,A,C,T,T,A,C,G,G,T,A,C,T,T,A,C,G,G,G,T,A,C,T,T,A,C,G,G,T,A,C,T,T,A,C,G,G,T,A,C,T,T,A,C,G,G,G,T,A,C,T,T,A,C,G,G,T,A,C,T,T,A,C,G,G,T,A,C,T,T,A,C,G,G
G,T,A,C,T,T,A,C,G,G,T,A,C,T,T,A,C,G,G,T,A,C,T,T,A,C,G,G,G,T,A,C,T,T,A,C,G,G,T,A,C,T,T,A,C,G,G,T,A,C,T,T,A,C,G,G,G,T,A,C,T,T,A,C,G,G,T,A,C,T,T,A,C,G,G,T,A,C,T,T,A,C,G,G
G,T,A,C,T,T,A,C,G,G,T,A,C,T,T,A,C,G,G,T,A,C,T,T,A,C,G,G,G,T,A,C,T,T,A,C,G,G,T,A,C,T,T,A,C,G,G,T,A,C,T,T,A,C,G,G,G,T,A,C,T,T,A,C,G,G,T,A,C,T,T,A,C,G,G,T,A,C,T,T,A,C,G,G
G,T,A,C,T,T,A,C,G,G,T,A,C,T,T,A,C,G,G,T,A,C,T,T,A,C,G,G,G,T,A,C,T,T,A,C,G,G,T,A,C,T,T,A,C,G,G,T,A,C,T,T,A,C,G,G,G,T,A,C,T,T,A,C,G,G,T,A,C,T,T,A,C,G,G,T,A,C,T,T,A,C,G,G
G,T,A,C,T,T,A,C,G,G,T,A,C,T,T,A,C,G,G,T,A,C,T,T,A,C,G,G,G,T,A,C,T,T,A,C,G,G,T,A,C,T,T,A,C,G,G,T,A,C,T,T,A,C,G,G,G,T,A,C,T,T,A,C,G,G,T,A,C,T,T,A,C,G,G,T,A,C,T,T,A,C,G,G
G,T,A,C,T,T,A,C,G,G,T,A,C,T,T,A,C,G,G,T,A,C,T,T,A,C,G,G,G,T,A,C,T,T,A,C,G,G,T,A,C,T,T,A,C,G,G,T,A,C,T,T,A,C,G,G,G,T,A,C,T,T,A,C,G,G,T,A,C,T,T,A,C,G,G,T,A,C,T,T,A,C,G,G
G,T,A,C,T,T,A,C,G,G,T,A,C,T,T,A,C,G,G,T,A,C,T,T,A,C,G,G,G,T,A,C,T,T,A,C,G,G,T,A,C,T,T,A,C,G,G,T,A,C,T,T,A,C,G,G,G,T,A,C,T,T,A,C,G,G,T,A,C,T,T,A,C,G,G,T,A,C,T,T,A,C,G,G
G,T,A,C,T,T,A,C,G,G,T,A,C,T,T,A,C,G,G,T,A,C,T,T,A,C,G,G,G,T,A,C,T,T,A,C,G,G,T,A,C,T,T,A,C,G,G,T,A,C,T,T,A,C,G,G,G,T,A,C,T,T,A,C,G,G,T,A,C,T,T,A,C,G,G,T,A,C,T,T,A,C,G,G
G,T,A,C,T,T,A,C,G,G,T,A,C,T,T,A,C,G,G,T,A,C,T,T,A,C,G,G,G,T,A,C,T,T,A,C,G,G,T,A,C,T,T,A,C,G,G,T,A,C,T,T,A,C,G,G,G,T,A,C,T,T,A,C,G,G,T,A,C,T,T,A,C,G,G,T,A,C,T,T,A,C,G,G
G,T,A,C,T,T,A,C,G,G,T,A,C,T,T,A,C,G,G,T,A,C,T,T,A,C,G,G,G,T,A,C,T,T,A,C,G,G,T,A,C,T,T,A,C,G,G,T,A,C,T,T,A,C,G,G,G,T,A,C,T,T,A,C,G,G,T,A,C,T,T,A,C,G,G,T,A,C,T,T,A,C,G,G
G,T,A,C,T,T,A,C,G,G,T,A,C,T,T,A,C,G,G,T,A,C,T,T,A,C,G,G,G,T,A,C,T,T,A,C,G,G,T,A,C,T,T,A,C,G,G,T,A,C,T,T,A,C,G,G,G,T,A,C,T,T,A,C,G,G,T,A,C,T,T,A,C,G,G,T,A,C,T,T,A,C,G,G
G,T,A,C,T,T,A,C,G,G,T,A,C,T,T,A,C,G,G,T,A,C,T,T,A,C,G,G,G,T,A,C,T,T,A,C,G,G,T,A,C,T,T,A,C,G,G,T,A,C,T,T,A,C,G,G,G,T,A,C,T,T,A,C,G,G,T,A,C,T,T,A,C,G,G,T,A,C,T,T,A,C,G,G
G,T,A,C,T,T,A,C,G,G,T,A,C,T,T,A,C,G,G,T,A,C,T,T,A,C,G,G,G,T,A,C,T,T,A,C,G,G,T,A,C,T,T,A,C,G,G,T,A,C,T,T,A,C,G,G,G,T,A,C,T,T,A,C,G,G,T,A,C,T,T,A,C,G,G,T,A,C,T,T,A,C,G,G
G,T,A,C,T,T,A,C,G,G,T,A,C,T,T,A,C,G,G,T,A,C,T,T,A,C,G,G,G,T,A,C,T,T,A,C,G,G,T,A,C,T,T,A,C,G,G,T,A,C,T,T,A,C,G,G,G,T,A,C,T,T,A,C,G,G,T,A,C,T,T,A,C,G,G,T,A,C,T,T,A,C,G,G
G,T,A,C,T,T,A,C,G,G,T,A,C,T,T,A,C,G,G,T,A,C,T,T,A,C,G,G,G,T,A,C,T,T,A,C,G,G,T,A,C,T,T,A,C,G,G,T,A,C,T,T,A,C,G,G,G,T,A,C,T,T,A,C,G,G,T,A,C,T,T,A,C,G,G,T,A,C,T,T,A,C,G,G
G,T,A,C,T,T,A,C,G,G,T,A,C,T,T,A,C,G,G,T,A,C,T,T,A,C,G,G,G,T,A,C,T,T,A,C,G,G,T,A,C,T,T,A,C,G,G,T,A,C,T,T,A,C,G,G,G,T,A,C,T,T,A,C,G,G,T,A,C,T,T,A,C,G,G,T,A,C,T,T,A,C,G,G
G,T,A,C,T,T,A,C,G,G,T,A,C,T,T,A,C,G,G,T,A,C,T,T,A,C,G,G,G,T,A,C,T,T,A,C,G,G,T,A,C,T,T,A,C,G,G,T,A,C,T,T,A,C,G,G,G,T,A,C,T,T,A,C,G,G,T,A,C,T,T,A,C,G,G,T,A,C,T,T,A,C,G,G
G,T,A,C,T,T,A,C,G,G,T,A,C,T,T,A,C,G,G,T,A,C,T,T,A,C,G,G,G,T,A,C,T,T,A,C,G,G,T,A,C,T,T,A,C,G,G,T,A,C,T,T,A,C,G,G,G,T,A,C,T,T,A,C,G,G,T,A,C,T,T,A,C,G,G,T,A,C,T,T,A,C,G,G
G,T,A,C,T,T,A,C,G,G,T,A,C,T,T,A,C,G,G,T,A,C,T,T,A,C,G,G,G,T,A,C,T,T,A,C,G,G,T,A,C,T,T,A,C,G,G,T,A,C,T,T,A,C,G,G,G,T,A,C,T,T,A,C,G,G,T,A,C,T,T,A,C,G,G,T,A,C,T,T,A,C,G,G
G,T,A,C,T,T,A,C,G,G,T,A,C,T,T,A,C,G,G,T,A,C,T,T,A,C,G,G,G,T,A,C,T,T,A,C,G,G,T,A,C,T,T,A,C,G,G,T,A,C,T,T,A,C,G,G,G,T,A,C,T,T,A,C,G,G,T,A,C,T,T,A,C,G,G,T,A,C,T,T,A,C,G,G
G,T,A,C,T,T,A,C,G,G,T,A,C,T,T,A,C,G,G,T,A,C,T,T,A,C,G,G,G,T,A,C,T,T,A,C,G,G,T,A,C,T,T,A,C,G,G,T,A,C,T,T,A,C,G,G,G,T,A,C,T,T,A,C,G,G,T,A,C,T,T,A,C,G,G,T,A,C,T,T,A,C,G,G
G,T,A,C,T,T,A,C,G,G,T,A,C,T,T,A,C,G,G,T,A,C,T,T,A,C,G,G,G,T,A,C,T,T,A,C,G,G,T,A,C,T,T,A,C,G,G,T,A,C,T,T,A,C,G,G,G,T,A,C,T,T,A,C,G,G,T,A,C,T,T,A,C,G,G,T,A,C,T,T,A,C,G,G
G,T,A,C,T,T,A,C,G,G,T,A,C,T,T,A,C,G,G,T,A,C,T,T,A,C,G,G,G,T,A,C,T,T,A,C,G,G,T,A,C,T,T,A,C,G,G,T,A,C,T,T,A,C,G,G,G,T,A,C,T,T,A,C,G,G,T,A,C,T,T,A,C,G,G,T,A,C,T,T,A,C,G,G
G,T,A,C,T,T,A,C,G,G,T,A,C,T,T,A,C,G,G,T,A,C,T,T,A,C,G,G,G,T,A,C,T,T,A,C,G,G,T,A,C,T,T,A,C,G,G,T,A,C,T,T,A,C,G,G,G,T,A,C,T,T,A,C,G,G,T,A,C,T,T,A,C,G,G,T,A,C,T,T,A,C,G,G
G,T,A,C,T,T,A,C,G,G,T,A,C,T,T,A,C,G,G,T,A,C,T,T,A,C,G,G,G,T,A,C,T,T,A,C,G,G,T,A,C,T,T,A,C,G,G,T,A,C,T,T,A,C,G,G,G,T,A,C,T,T,A,C,G,G,T,A,C,T,T,A,C,G,G,T,A,C,T,T,A,C,G,G
G,T,A,C,T,T,A,C,G,G,T,A,C,T,T,A,C,G,G,T,A,C,T,T,A,C,G,G,G,T,A,C,T,T,A,C,G,G,T,A,C,T,T,A,C,G,G,T,A,C,T,T,A,C,G,G,G,T,A,C,T,T,A,C,G,G,T,A,C,T,T,A,C,G,G,T,A,C,T,T,A,C,G,G
G,T,A,C,T,T,A,C,G,G,T,A,C,T,T,A,C,G,G,T,A,C,T,T,A,C,G,G,G,T,A,C,T,T,A,C,G,G,T,A,C,T,T,A,C,G,G,T,A,C,T,T,A,C,G,G,G,T,A,C,T,T,A,C,G,G,T,A,C,T,T,A,C,G,G,T,A,C,T,T,A,C,G,G
G,T,A,C,T,T,A,C,G,G,T,A,C,T,T,A,C,G,G,T,A,C,T,T,A,C,G,G,G,T,A,C,T,T,A,C,G,G,T,A,C,T,T,A,C,G,G,T,A,C,T,T,A,C,G,G,G,T,A,C,T,T,A,C,G,G,T,A,C,T,T,A,C,G,G,T,A,C,T,T,A,C,G,G
G,T,A,C,T,T,A,C,G,G,T,A,C,T,T,A,C,G,G,T,A,C,T,T,A,C,G,G,G,T,A,C,T,T,A,C,G,G,T,A,C,T,T,A,C,G,G,T,A,C,T,T,A,C,G,G,G,T,A,C,T,T,A,C,G,G,T,A,C,T,T,A,C,G,G,T,A,C,T,T,A,C,G,G
G,T,A,C,T,T,A,C,G,G,T,A,C,T,T,A,C,G,G,T,A,C,T,T,A,C,G,G,G,T,A,C,T,T,A,C,G,G,T,A,C,T,T,A,C,G,G,T,A,C,T,T,A,C,G,G,G,T,A,C,T,T,A,C,G,G,T,A,C,T,T,A,C,G,G,T,A,C,T,T,A,C,G,G
G,T,A,C,T,T,A,C,G,G,T,A,C,T,T,A,C,G,G,T,A,C,T,T,A,C,G,G,G,T,A,C,T,T,A,C,G,G,T,A,C,T,T,A,C,G,G,T,A,C,T,T,A,C,G,G,G,T,A,C,T,T,A,C,G,G,T,A,C,T,T,A,C,G,G,T,A,C,T,T,A,C,G,G
G,T,A,C,T,T,A,C,G,G,T,A,C,T,T,A,C,G,G,T,A,C,T,T,A,C,G,G,G,T,A,C,T,T,A,C,G,G,T,A,C,T,T,A,C,G,G,T,A,C,T,T,A,C,G,G,G,T,A,C,T,T,A,C,G,G,T,A,C,T,T,A,C,G,G,T,A,C,T,T,A,C,G,G
G,T,A,C,T,T,A,C,G,G,T,A,C,T,T,A,C,G,G,T,A,C,T,T,A,C,G,G,G,T,A,C,T,T,A,C,G,G,T,A,C,T,T,A,C,G,G,T,A,C,T,T,A,C,G,G,G,T,A,C,T,T,A,C,G,G,T,A,C,T,T,A,C,G,G,T,A,C,T,T,A,C,G,G
G,T,A,C,T,T,A,C,G,G,T,A,C,T,T,A,C,G,G,T,A,C,T,T,A,C,G,G,G,T,A,C,T,T,A,C,G,G,T,A,C,T,T,A,C,G,G,T,A,C,T,T,A,C,G,G,G,T,A,C,T,T,A,C,G,G,T,A,C,T,T,A,C,G,G,T,A,C,T,T,A,C,G,G
G,T,A,C,T,T,A,C,G,G,T,A,C,T,T,A,C,G,G,T,A,C,T,T,A,C,G,G,G,T,A,C,T,T,A,C,G,G,T,A,C,T,T,A,C,G,G,T,A,C,T,T,A,C,G,G,G,T,A,C,T,T,A,C,G,G,T,A,C,T,T,A,C,G,G,T,A,C,T,T,A,C,G,G
G,T,A,C,T,T,A,C,G,G,T,A,C,T,T,A,C,G,G,T,A,C,T,T,A,C,G,G,G,T,A,C,T,T,A,C,G,G,T,A,C,T,T,A,C,G,G,T,A,C,T,T,A,C,G,G,G,T,A,C,T,T,A,C,G,G,T,A,C,T,T,A,C,G,G,T,A,C,T,T,A,C,G,G
G,T,A,C,T,T,A,C,G,G,T,A,C,T,T,A,C,G,G,T,A,C,T,T,A,C,G,G,G,T,A,C,T,T,A,C,G,G,T,A,C,T,T,A,C,G,G,T,A,C,T,T,A,C,G,G,G,T,A,C,T,T,A,C,G,G,T,A,C,T,T,A,C,G,G,T,A,C,T,T,A,C,G,G
G,T,A,C,T,T,A,C,G,G,T,A,C,T,T,A,C,G,G,T,A,C,T,T,A,C,G,G,G,T,A,C,T,T,A,C,G,G,T,A,C,T,T,A,C,G,G,T,A,C,T,T,A,C,G,G,G,T,A,C,T,T,A,C,G,G,T,A,C,T,T,A,C,G,G,T,A,C,T,T,A,C,G,G
G,T,A,C,T,T,A,C,G,G,T,A,C,T,T,A,C,G,G,T,A,C,T,T,A,C,G,G,G,T,A,C,T,T,A,C,G,G,T,A,C,T,T,A,C,G,G,T,A,C,T,T,A,C,G,G,G,T,A,C,T,T,A,C,G,G,T,A,C,T,T,A,C,G,G,T,A,C,T,T,A,C,G,G